Image,Severity Level
levle0_0.jpg,Mild
levle0_1.jpg,Mild
levle0_10.jpg,Very Severe
levle0_100.jpg,Severe
levle0_101.jpg,Moderate
levle0_102.jpg,Severe
levle0_103.jpg,Moderate
levle0_104.jpg,Severe
levle0_105.jpg,Severe
levle0_106.jpg,Moderate
levle0_107.jpg,Mild
levle0_108.jpg,Moderate
levle0_109.jpg,Moderate
levle0_11.jpg,Very Severe
levle0_110.jpg,Severe
levle0_111.jpg,Moderate
levle0_112.jpg,Severe
levle0_113.jpg,Very Severe
levle0_114.jpg,Mild
levle0_115.jpg,Mild
levle0_116.jpg,Severe
levle0_117.jpg,Mild
levle0_118.jpg,Mild
levle0_119.jpg,Moderate
levle0_12.jpg,Very Severe
levle0_120.jpg,Mild
levle0_121.jpg,Mild
levle0_122.jpg,Mild
levle0_123.jpg,Moderate
levle0_124.jpg,Mild
levle0_125.jpg,Severe
levle0_126.jpg,Severe
levle0_127.jpg,Severe
levle0_128.jpg,Moderate
levle0_129.jpg,Severe
levle0_130.jpg,Severe
levle0_131.jpg,Moderate
levle0_132.jpg,Moderate
levle0_133.jpg,Moderate
levle0_134.jpg,Severe
levle0_135.jpg,Moderate
levle0_136.jpg,Moderate
levle0_137.jpg,Moderate
levle0_138.jpg,Severe
levle0_139.jpg,Severe
levle0_14.jpg,Very Severe
levle0_140.jpg,Mild
levle0_141.jpg,Severe
levle0_142.jpg,Severe
levle0_143.jpg,Severe
levle0_144.jpg,Severe
levle0_145.jpg,Severe
levle0_146.jpg,Severe
levle0_147.jpg,Mild
levle0_148.jpg,Mild
levle0_149.jpg,Severe
levle0_15.jpg,Moderate
levle0_150.jpg,Mild
levle0_151.jpg,Moderate
levle0_152.jpg,Mild
levle0_153.jpg,Mild
levle0_154.jpg,Mild
levle0_155.jpg,Severe
levle0_156.jpg,Mild
levle0_157.jpg,Mild
levle0_158.jpg,Mild
levle0_159.jpg,Mild
levle0_16.jpg,Mild
levle0_160.jpg,Mild
levle0_161.jpg,Severe
levle0_162.jpg,Mild
levle0_163.jpg,Mild
levle0_164.jpg,Very Severe
levle0_165.jpg,Moderate
levle0_166.jpg,Mild
levle0_167.jpg,Mild
levle0_168.jpg,Mild
levle0_169.jpg,Mild
levle0_17.jpg,Very Severe
levle0_170.jpg,Severe
levle0_171.jpg,Mild
levle0_172.jpg,Severe
levle0_173.jpg,Very Severe
levle0_174.jpg,Mild
levle0_175.jpg,Moderate
levle0_176.jpg,Mild
levle0_177.jpg,Mild
levle0_178.jpg,Severe
levle0_179.jpg,Mild
levle0_18.jpg,Very Severe
levle0_180.jpg,Mild
levle0_181.jpg,Mild
levle0_182.jpg,Mild
levle0_183.jpg,Mild
levle0_184.jpg,Mild
levle0_185.jpg,Severe
levle0_186.jpg,Severe
levle0_187.jpg,Severe
levle0_188.jpg,Moderate
levle0_189.jpg,Severe
levle0_19.jpg,Moderate
levle0_190.jpg,Mild
levle0_192.jpg,Mild
levle0_193.jpg,Severe
levle0_194.jpg,Mild
levle0_195.jpg,Severe
levle0_196.jpg,Mild
levle0_197.jpg,Severe
levle0_198.jpg,Mild
levle0_2.jpg,Severe
levle0_20.jpg,Very Severe
levle0_202.jpg,Mild
levle0_203.jpg,Severe
levle0_204.jpg,Severe
levle0_205.jpg,Mild
levle0_206.jpg,Moderate
levle0_207.jpg,Mild
levle0_209.jpg,Mild
levle0_21.jpg,Mild
levle0_210.jpg,Mild
levle0_211.jpg,Mild
levle0_212.jpg,Severe
levle0_213.jpg,Mild
levle0_214.jpg,Mild
levle0_215.jpg,Mild
levle0_216.jpg,Mild
levle0_217.jpg,Severe
levle0_218.jpg,Mild
levle0_219.jpg,Mild
levle0_22.jpg,Severe
levle0_220.jpg,Mild
levle0_221.jpg,Mild
levle0_222.jpg,Severe
levle0_223.jpg,Severe
levle0_224.jpg,Very Severe
levle0_225.jpg,Mild
levle0_226.jpg,Mild
levle0_227.jpg,Severe
levle0_228.jpg,Mild
levle0_229.jpg,Mild
levle0_23.jpg,Severe
levle0_230.jpg,Severe
levle0_231.jpg,Severe
levle0_232.jpg,Mild
levle0_233.jpg,Mild
levle0_234.jpg,Mild
levle0_235.jpg,Severe
levle0_236.jpg,Severe
levle0_238.jpg,Severe
levle0_239.jpg,Mild
levle0_24.jpg,Moderate
levle0_240.jpg,Severe
levle0_241.jpg,Mild
levle0_242.jpg,Mild
levle0_243.jpg,Severe
levle0_244.jpg,Mild
levle0_245.jpg,Mild
levle0_246.jpg,Severe
levle0_247.jpg,Severe
levle0_248.jpg,Severe
levle0_249.jpg,Mild
levle0_25.jpg,Severe
levle0_250.jpg,Mild
levle0_251.jpg,Moderate
levle0_252.jpg,Severe
levle0_253.jpg,Severe
levle0_255.jpg,Mild
levle0_256.jpg,Severe
levle0_257.jpg,Mild
levle0_258.jpg,Severe
levle0_259.jpg,Severe
levle0_26.jpg,Moderate
levle0_260.jpg,Severe
levle0_261.jpg,Severe
levle0_263.jpg,Severe
levle0_264.jpg,Severe
levle0_265.jpg,Mild
levle0_266.jpg,Mild
levle0_267.jpg,Severe
levle0_268.jpg,Mild
levle0_269.jpg,Mild
levle0_27.jpg,Mild
levle0_270.jpg,Severe
levle0_271.jpg,Mild
levle0_272.jpg,Severe
levle0_273.jpg,Mild
levle0_274.jpg,Severe
levle0_275.jpg,Severe
levle0_276.jpg,Severe
levle0_277.jpg,Mild
levle0_278.jpg,Moderate
levle0_279.jpg,Severe
levle0_28.jpg,Very Severe
levle0_280.jpg,Severe
levle0_281.jpg,Mild
levle0_282.jpg,Mild
levle0_283.jpg,Mild
levle0_284.jpg,Severe
levle0_285.jpg,Severe
levle0_286.jpg,Mild
levle0_287.jpg,Very Severe
levle0_288.jpg,Severe
levle0_289.jpg,Severe
levle0_290.jpg,Severe
levle0_291.jpg,Severe
levle0_292.jpg,Severe
levle0_293.jpg,Mild
levle0_294.jpg,Mild
levle0_295.jpg,Mild
levle0_296.jpg,Severe
levle0_297.jpg,Severe
levle0_298.jpg,Severe
levle0_299.jpg,Severe
levle0_3.jpg,Very Severe
levle0_300.jpg,Severe
levle0_301.jpg,Severe
levle0_302.jpg,Severe
levle0_303.jpg,Severe
levle0_304.jpg,Severe
levle0_305.jpg,Severe
levle0_306.jpg,Mild
levle0_307.jpg,Mild
levle0_308.jpg,Mild
levle0_309.jpg,Mild
levle0_31.jpg,Mild
levle0_310.jpg,Severe
levle0_311.jpg,Severe
levle0_312.jpg,Mild
levle0_313.jpg,Severe
levle0_314.jpg,Mild
levle0_315.jpg,Severe
levle0_316.jpg,Mild
levle0_317.jpg,Mild
levle0_318.jpg,Severe
levle0_319.jpg,Mild
levle0_32.jpg,Mild
levle0_320.jpg,Severe
levle0_321.jpg,Mild
levle0_322.jpg,Severe
levle0_323.jpg,Severe
levle0_324.jpg,Severe
levle0_325.jpg,Severe
levle0_326.jpg,Severe
levle0_327.jpg,Severe
levle0_328.jpg,Severe
levle0_329.jpg,Severe
levle0_33.jpg,Mild
levle0_330.jpg,Severe
levle0_331.jpg,Severe
levle0_332.jpg,Mild
levle0_334.jpg,Severe
levle0_335.jpg,Mild
levle0_336.jpg,Severe
levle0_337.jpg,Severe
levle0_338.jpg,Mild
levle0_339.jpg,Mild
levle0_34.jpg,Severe
levle0_340.jpg,Mild
levle0_341.jpg,Severe
levle0_342.jpg,Severe
levle0_343.jpg,Severe
levle0_345.jpg,Severe
levle0_346.jpg,Severe
levle0_347.jpg,Mild
levle0_349.jpg,Severe
levle0_35.jpg,Severe
levle0_350.jpg,Mild
levle0_351.jpg,Mild
levle0_353.jpg,Mild
levle0_354.jpg,Severe
levle0_355.jpg,Severe
levle0_356.jpg,Mild
levle0_357.jpg,Mild
levle0_358.jpg,Mild
levle0_359.jpg,Mild
levle0_36.jpg,Severe
levle0_360.jpg,Severe
levle0_361.jpg,Severe
levle0_362.jpg,Severe
levle0_363.jpg,Severe
levle0_364.jpg,Mild
levle0_365.jpg,Very Severe
levle0_366.jpg,Severe
levle0_367.jpg,Mild
levle0_368.jpg,Mild
levle0_37.jpg,Mild
levle0_371.jpg,Severe
levle0_372.jpg,Mild
levle0_373.jpg,Mild
levle0_374.jpg,Severe
levle0_375.jpg,Severe
levle0_376.jpg,Severe
levle0_377.jpg,Mild
levle0_378.jpg,Mild
levle0_379.jpg,Mild
levle0_38.jpg,Mild
levle0_380.jpg,Mild
levle0_381.jpg,Moderate
levle0_382.jpg,Mild
levle0_383.jpg,Mild
levle0_384.jpg,Mild
levle0_385.jpg,Severe
levle0_386.jpg,Mild
levle0_387.jpg,Mild
levle0_388.jpg,Severe
levle0_389.jpg,Mild
levle0_39.jpg,Severe
levle0_390.jpg,Severe
levle0_391.jpg,Severe
levle0_392.jpg,Mild
levle0_393.jpg,Severe
levle0_394.jpg,Severe
levle0_395.jpg,Severe
levle0_396.jpg,Mild
levle0_397.jpg,Severe
levle0_398.jpg,Mild
levle0_399.jpg,Moderate
levle0_4.jpg,Very Severe
levle0_40.jpg,Severe
levle0_400.jpg,Moderate
levle0_401.jpg,Mild
levle0_402.jpg,Severe
levle0_403.jpg,Mild
levle0_404.jpg,Severe
levle0_405.jpg,Mild
levle0_406.jpg,Severe
levle0_407.jpg,Severe
levle0_409.jpg,Severe
levle0_41.jpg,Mild
levle0_410.jpg,Mild
levle0_411.jpg,Severe
levle0_412.jpg,Mild
levle0_413.jpg,Mild
levle0_414.jpg,Moderate
levle0_415.jpg,Severe
levle0_416.jpg,Mild
levle0_417.jpg,Severe
levle0_418.jpg,Severe
levle0_419.jpg,Mild
levle0_42.jpg,Severe
levle0_420.jpg,Mild
levle0_421.jpg,Severe
levle0_422.jpg,Moderate
levle0_423.jpg,Mild
levle0_424.jpg,Mild
levle0_425.jpg,Mild
levle0_426.jpg,Severe
levle0_427.jpg,Severe
levle0_428.jpg,Mild
levle0_429.jpg,Mild
levle0_43.jpg,Severe
levle0_430.jpg,Severe
levle0_432.jpg,Mild
levle0_436.jpg,Severe
levle0_438.jpg,Severe
levle0_439.jpg,Severe
levle0_44.jpg,Severe
levle0_440.jpg,Severe
levle0_441.jpg,Mild
levle0_442.jpg,Mild
levle0_443.jpg,Severe
levle0_444.jpg,Mild
levle0_446.jpg,Mild
levle0_447.jpg,Mild
levle0_448.jpg,Mild
levle0_449.jpg,Severe
levle0_45.jpg,Mild
levle0_450.jpg,Severe
levle0_451.jpg,Moderate
levle0_452.jpg,Mild
levle0_453.jpg,Mild
levle0_454.jpg,Very Severe
levle0_455.jpg,Very Severe
levle0_456.jpg,Mild
levle0_457.jpg,Very Severe
levle0_458.jpg,Very Severe
levle0_459.jpg,Moderate
levle0_46.jpg,Severe
levle0_460.jpg,Moderate
levle0_461.jpg,Moderate
levle0_462.jpg,Moderate
levle0_463.jpg,Severe
levle0_465.jpg,Severe
levle0_466.jpg,Moderate
levle0_467.jpg,Moderate
levle0_468.jpg,Mild
levle0_469.jpg,Severe
levle0_47.jpg,Severe
levle0_470.jpg,Mild
levle0_471.jpg,Mild
levle0_473.jpg,Mild
levle0_474.jpg,Severe
levle0_475.jpg,Mild
levle0_476.jpg,Severe
levle0_477.jpg,Severe
levle0_478.jpg,Mild
levle0_48.jpg,Severe
levle0_480.jpg,Severe
levle0_482.jpg,Severe
levle0_483.jpg,Mild
levle0_484.jpg,Severe
levle0_485.jpg,Severe
levle0_486.jpg,Severe
levle0_487.jpg,Mild
levle0_488.jpg,Severe
levle0_489.jpg,Severe
levle0_49.jpg,Mild
levle0_491.jpg,Severe
levle0_492.jpg,Mild
levle0_493.jpg,Mild
levle0_494.jpg,Mild
levle0_495.jpg,Severe
levle0_496.jpg,Severe
levle0_497.jpg,Mild
levle0_498.jpg,Mild
levle0_499.jpg,Mild
levle0_5.jpg,Mild
levle0_50.jpg,Severe
levle0_501.jpg,Mild
levle0_503.jpg,Severe
levle0_504.jpg,Mild
levle0_505.jpg,Severe
levle0_506.jpg,Mild
levle0_507.jpg,Mild
levle0_508.jpg,Mild
levle0_509.jpg,Severe
levle0_51.jpg,Mild
levle0_510.jpg,Mild
levle0_511.jpg,Mild
levle0_512.jpg,Severe
levle0_513.jpg,Severe
levle0_514.jpg,Severe
levle0_515.jpg,Mild
levle0_516.jpg,Severe
levle0_517.jpg,Mild
levle0_518.jpg,Mild
levle0_519.jpg,Mild
levle0_52.jpg,Severe
levle0_520.jpg,Severe
levle0_521.jpg,Severe
levle0_522.jpg,Severe
levle0_523.jpg,Severe
levle0_524.jpg,Mild
levle0_526.jpg,Severe
levle0_527.jpg,Mild
levle0_528.jpg,Severe
levle0_529.jpg,Mild
levle0_53.jpg,Severe
levle0_530.jpg,Severe
levle0_531.jpg,Mild
levle0_532.jpg,Moderate
levle0_54.jpg,Mild
levle0_55.jpg,Mild
levle0_56.jpg,Mild
levle0_57.jpg,Moderate
levle0_58.jpg,Moderate
levle0_59.jpg,Moderate
levle0_6.jpg,Very Severe
levle0_60.jpg,Mild
levle0_61.jpg,Very Severe
levle0_62.jpg,Moderate
levle0_63.jpg,Very Severe
levle0_64.jpg,Very Severe
levle0_66.jpg,Mild
levle0_67.jpg,Moderate
levle0_68.jpg,Very Severe
levle0_69.jpg,Moderate
levle0_7.jpg,Very Severe
levle0_70.jpg,Mild
levle0_72.jpg,Moderate
levle0_73.jpg,Severe
levle0_74.jpg,Severe
levle0_75.jpg,Mild
levle0_76.jpg,Mild
levle0_77.jpg,Moderate
levle0_78.jpg,Very Severe
levle0_79.jpg,Moderate
levle0_8.jpg,Very Severe
levle0_80.jpg,Mild
levle0_81.jpg,Mild
levle0_82.jpg,Moderate
levle0_83.jpg,Mild
levle0_85.jpg,Very Severe
levle0_86.jpg,Mild
levle0_87.jpg,Moderate
levle0_88.jpg,Very Severe
levle0_89.jpg,Severe
levle0_9.jpg,Very Severe
levle0_90.jpg,Severe
levle0_91.jpg,Mild
levle0_92.jpg,Mild
levle0_94.jpg,Severe
levle0_95.jpg,Moderate
levle0_96.jpg,Severe
levle0_97.jpg,Moderate
levle0_98.jpg,Moderate
levle0_99.jpg,Moderate
levle1_0.jpg,Very Severe
levle1_1.jpg,Mild
levle1_10.jpg,Very Severe
levle1_100.jpg,Very Severe
levle1_101.jpg,Mild
levle1_102.jpg,Mild
levle1_103.jpg,Moderate
levle1_104.jpg,Very Severe
levle1_105.jpg,Moderate
levle1_106.jpg,Very Severe
levle1_107.jpg,Very Severe
levle1_108.jpg,Mild
levle1_109.jpg,Very Severe
levle1_11.jpg,Very Severe
levle1_110.jpg,Moderate
levle1_111.jpg,Very Severe
levle1_112.jpg,Moderate
levle1_113.jpg,Very Severe
levle1_114.jpg,Very Severe
levle1_115.jpg,Moderate
levle1_116.jpg,Moderate
levle1_117.jpg,Moderate
levle1_118.jpg,Very Severe
levle1_119.jpg,Moderate
levle1_12.jpg,Very Severe
levle1_120.jpg,Mild
levle1_121.jpg,Moderate
levle1_122.jpg,Very Severe
levle1_123.jpg,Moderate
levle1_124.jpg,Severe
levle1_125.jpg,Severe
levle1_126.jpg,Severe
levle1_127.jpg,Mild
levle1_128.jpg,Mild
levle1_129.jpg,Mild
levle1_13.jpg,Very Severe
levle1_130.jpg,Mild
levle1_131.jpg,Mild
levle1_132.jpg,Severe
levle1_133.jpg,Severe
levle1_134.jpg,Mild
levle1_135.jpg,Mild
levle1_136.jpg,Mild
levle1_137.jpg,Severe
levle1_138.jpg,Severe
levle1_139.jpg,Severe
levle1_14.jpg,Very Severe
levle1_140.jpg,Mild
levle1_141.jpg,Mild
levle1_142.jpg,Severe
levle1_143.jpg,Moderate
levle1_144.jpg,Mild
levle1_145.jpg,Severe
levle1_146.jpg,Severe
levle1_147.jpg,Moderate
levle1_149.jpg,Severe
levle1_15.jpg,Very Severe
levle1_150.jpg,Mild
levle1_151.jpg,Severe
levle1_152.jpg,Mild
levle1_153.jpg,Severe
levle1_154.jpg,Mild
levle1_155.jpg,Severe
levle1_156.jpg,Mild
levle1_157.jpg,Severe
levle1_158.jpg,Mild
levle1_159.jpg,Severe
levle1_16.jpg,Severe
levle1_160.jpg,Severe
levle1_161.jpg,Mild
levle1_162.jpg,Mild
levle1_163.jpg,Mild
levle1_164.jpg,Mild
levle1_165.jpg,Mild
levle1_166.jpg,Mild
levle1_167.jpg,Moderate
levle1_168.jpg,Mild
levle1_169.jpg,Mild
levle1_17.jpg,Moderate
levle1_170.jpg,Mild
levle1_171.jpg,Moderate
levle1_172.jpg,Mild
levle1_173.jpg,Mild
levle1_174.jpg,Mild
levle1_175.jpg,Severe
levle1_176.jpg,Mild
levle1_177.jpg,Severe
levle1_178.jpg,Mild
levle1_179.jpg,Mild
levle1_18.jpg,Moderate
levle1_180.jpg,Severe
levle1_181.jpg,Severe
levle1_182.jpg,Mild
levle1_183.jpg,Mild
levle1_184.jpg,Mild
levle1_185.jpg,Mild
levle1_186.jpg,Severe
levle1_187.jpg,Severe
levle1_188.jpg,Mild
levle1_189.jpg,Severe
levle1_19.jpg,Very Severe
levle1_190.jpg,Mild
levle1_191.jpg,Moderate
levle1_192.jpg,Moderate
levle1_193.jpg,Mild
levle1_194.jpg,Mild
levle1_195.jpg,Severe
levle1_196.jpg,Severe
levle1_197.jpg,Mild
levle1_198.jpg,Severe
levle1_199.jpg,Mild
levle1_2.jpg,Very Severe
levle1_20.jpg,Severe
levle1_200.jpg,Moderate
levle1_201.jpg,Mild
levle1_202.jpg,Severe
levle1_203.jpg,Mild
levle1_204.jpg,Severe
levle1_205.jpg,Mild
levle1_206.jpg,Mild
levle1_207.jpg,Mild
levle1_208.jpg,Mild
levle1_209.jpg,Mild
levle1_21.jpg,Very Severe
levle1_210.jpg,Mild
levle1_211.jpg,Mild
levle1_212.jpg,Mild
levle1_213.jpg,Severe
levle1_214.jpg,Severe
levle1_215.jpg,Severe
levle1_216.jpg,Severe
levle1_217.jpg,Mild
levle1_218.jpg,Mild
levle1_219.jpg,Severe
levle1_22.jpg,Mild
levle1_220.jpg,Mild
levle1_221.jpg,Severe
levle1_222.jpg,Severe
levle1_223.jpg,Severe
levle1_224.jpg,Mild
levle1_225.jpg,Severe
levle1_226.jpg,Severe
levle1_227.jpg,Mild
levle1_228.jpg,Severe
levle1_229.jpg,Mild
levle1_23.jpg,Mild
levle1_230.jpg,Mild
levle1_231.jpg,Mild
levle1_232.jpg,Severe
levle1_233.jpg,Severe
levle1_234.jpg,Severe
levle1_235.jpg,Severe
levle1_236.jpg,Severe
levle1_237.jpg,Severe
levle1_238.jpg,Severe
levle1_239.jpg,Mild
levle1_24.jpg,Moderate
levle1_240.jpg,Mild
levle1_241.jpg,Severe
levle1_242.jpg,Severe
levle1_243.jpg,Mild
levle1_244.jpg,Mild
levle1_245.jpg,Mild
levle1_246.jpg,Severe
levle1_247.jpg,Mild
levle1_248.jpg,Severe
levle1_249.jpg,Severe
levle1_25.jpg,Very Severe
levle1_250.jpg,Mild
levle1_251.jpg,Severe
levle1_252.jpg,Mild
levle1_253.jpg,Mild
levle1_254.jpg,Severe
levle1_255.jpg,Severe
levle1_256.jpg,Very Severe
levle1_257.jpg,Moderate
levle1_258.jpg,Mild
levle1_259.jpg,Moderate
levle1_26.jpg,Moderate
levle1_260.jpg,Mild
levle1_261.jpg,Moderate
levle1_262.jpg,Mild
levle1_263.jpg,Moderate
levle1_264.jpg,Moderate
levle1_265.jpg,Moderate
levle1_266.jpg,Mild
levle1_267.jpg,Mild
levle1_268.jpg,Severe
levle1_269.jpg,Severe
levle1_27.jpg,Mild
levle1_270.jpg,Mild
levle1_271.jpg,Severe
levle1_272.jpg,Mild
levle1_273.jpg,Severe
levle1_274.jpg,Severe
levle1_275.jpg,Mild
levle1_276.jpg,Mild
levle1_277.jpg,Mild
levle1_278.jpg,Mild
levle1_279.jpg,Severe
levle1_28.jpg,Very Severe
levle1_280.jpg,Severe
levle1_281.jpg,Severe
levle1_282.jpg,Severe
levle1_283.jpg,Severe
levle1_284.jpg,Severe
levle1_285.jpg,Severe
levle1_286.jpg,Severe
levle1_287.jpg,Mild
levle1_288.jpg,Mild
levle1_289.jpg,Mild
levle1_29.jpg,Very Severe
levle1_290.jpg,Mild
levle1_291.jpg,Mild
levle1_292.jpg,Mild
levle1_293.jpg,Severe
levle1_294.jpg,Severe
levle1_295.jpg,Severe
levle1_296.jpg,Severe
levle1_297.jpg,Mild
levle1_298.jpg,Mild
levle1_299.jpg,Mild
levle1_3.jpg,Severe
levle1_30.jpg,Very Severe
levle1_300.jpg,Mild
levle1_301.jpg,Mild
levle1_302.jpg,Mild
levle1_303.jpg,Mild
levle1_304.jpg,Severe
levle1_305.jpg,Mild
levle1_306.jpg,Severe
levle1_307.jpg,Mild
levle1_308.jpg,Severe
levle1_309.jpg,Severe
levle1_31.jpg,Moderate
levle1_310.jpg,Mild
levle1_311.jpg,Severe
levle1_312.jpg,Mild
levle1_313.jpg,Severe
levle1_314.jpg,Mild
levle1_315.jpg,Severe
levle1_316.jpg,Severe
levle1_317.jpg,Severe
levle1_318.jpg,Moderate
levle1_319.jpg,Moderate
levle1_32.jpg,Severe
levle1_320.jpg,Mild
levle1_321.jpg,Mild
levle1_322.jpg,Severe
levle1_323.jpg,Mild
levle1_324.jpg,Mild
levle1_325.jpg,Mild
levle1_326.jpg,Severe
levle1_327.jpg,Severe
levle1_328.jpg,Severe
levle1_329.jpg,Mild
levle1_33.jpg,Mild
levle1_330.jpg,Severe
levle1_331.jpg,Severe
levle1_332.jpg,Mild
levle1_333.jpg,Mild
levle1_334.jpg,Severe
levle1_335.jpg,Mild
levle1_336.jpg,Mild
levle1_337.jpg,Severe
levle1_338.jpg,Mild
levle1_339.jpg,Severe
levle1_34.jpg,Mild
levle1_340.jpg,Severe
levle1_341.jpg,Severe
levle1_342.jpg,Severe
levle1_343.jpg,Severe
levle1_344.jpg,Severe
levle1_345.jpg,Severe
levle1_346.jpg,Mild
levle1_347.jpg,Severe
levle1_348.jpg,Mild
levle1_349.jpg,Mild
levle1_35.jpg,Severe
levle1_350.jpg,Severe
levle1_351.jpg,Moderate
levle1_352.jpg,Severe
levle1_353.jpg,Mild
levle1_354.jpg,Mild
levle1_355.jpg,Severe
levle1_356.jpg,Severe
levle1_357.jpg,Severe
levle1_358.jpg,Mild
levle1_359.jpg,Severe
levle1_36.jpg,Severe
levle1_360.jpg,Severe
levle1_361.jpg,Severe
levle1_362.jpg,Severe
levle1_363.jpg,Severe
levle1_364.jpg,Severe
levle1_365.jpg,Mild
levle1_366.jpg,Mild
levle1_367.jpg,Mild
levle1_368.jpg,Mild
levle1_369.jpg,Mild
levle1_37.jpg,Severe
levle1_370.jpg,Severe
levle1_371.jpg,Mild
levle1_372.jpg,Mild
levle1_373.jpg,Severe
levle1_374.jpg,Moderate
levle1_375.jpg,Mild
levle1_376.jpg,Mild
levle1_377.jpg,Mild
levle1_378.jpg,Severe
levle1_379.jpg,Severe
levle1_38.jpg,Severe
levle1_380.jpg,Mild
levle1_381.jpg,Severe
levle1_382.jpg,Mild
levle1_383.jpg,Severe
levle1_384.jpg,Severe
levle1_385.jpg,Severe
levle1_386.jpg,Severe
levle1_387.jpg,Severe
levle1_388.jpg,Moderate
levle1_389.jpg,Mild
levle1_39.jpg,Severe
levle1_390.jpg,Mild
levle1_391.jpg,Severe
levle1_392.jpg,Severe
levle1_393.jpg,Mild
levle1_394.jpg,Mild
levle1_395.jpg,Mild
levle1_396.jpg,Severe
levle1_397.jpg,Severe
levle1_398.jpg,Mild
levle1_399.jpg,Very Severe
levle1_4.jpg,Very Severe
levle1_40.jpg,Severe
levle1_400.jpg,Mild
levle1_401.jpg,Mild
levle1_402.jpg,Severe
levle1_403.jpg,Mild
levle1_404.jpg,Mild
levle1_405.jpg,Severe
levle1_406.jpg,Mild
levle1_407.jpg,Severe
levle1_408.jpg,Mild
levle1_409.jpg,Mild
levle1_41.jpg,Severe
levle1_410.jpg,Mild
levle1_411.jpg,Severe
levle1_412.jpg,Severe
levle1_413.jpg,Mild
levle1_414.jpg,Mild
levle1_415.jpg,Severe
levle1_416.jpg,Severe
levle1_417.jpg,Severe
levle1_418.jpg,Mild
levle1_419.jpg,Severe
levle1_42.jpg,Severe
levle1_420.jpg,Mild
levle1_421.jpg,Severe
levle1_422.jpg,Mild
levle1_423.jpg,Severe
levle1_424.jpg,Mild
levle1_425.jpg,Mild
levle1_426.jpg,Severe
levle1_427.jpg,Severe
levle1_428.jpg,Mild
levle1_429.jpg,Mild
levle1_43.jpg,Severe
levle1_430.jpg,Severe
levle1_431.jpg,Severe
levle1_432.jpg,Severe
levle1_433.jpg,Severe
levle1_434.jpg,Mild
levle1_435.jpg,Mild
levle1_436.jpg,Mild
levle1_437.jpg,Mild
levle1_439.jpg,Mild
levle1_44.jpg,Severe
levle1_440.jpg,Severe
levle1_441.jpg,Severe
levle1_442.jpg,Mild
levle1_443.jpg,Mild
levle1_444.jpg,Severe
levle1_445.jpg,Severe
levle1_446.jpg,Severe
levle1_447.jpg,Severe
levle1_448.jpg,Severe
levle1_449.jpg,Severe
levle1_45.jpg,Mild
levle1_450.jpg,Severe
levle1_451.jpg,Moderate
levle1_452.jpg,Moderate
levle1_453.jpg,Very Severe
levle1_454.jpg,Moderate
levle1_455.jpg,Mild
levle1_456.jpg,Severe
levle1_457.jpg,Severe
levle1_458.jpg,Severe
levle1_459.jpg,Severe
levle1_46.jpg,Mild
levle1_460.jpg,Severe
levle1_461.jpg,Mild
levle1_462.jpg,Severe
levle1_463.jpg,Severe
levle1_464.jpg,Severe
levle1_465.jpg,Severe
levle1_466.jpg,Severe
levle1_467.jpg,Mild
levle1_468.jpg,Mild
levle1_469.jpg,Mild
levle1_47.jpg,Severe
levle1_470.jpg,Mild
levle1_471.jpg,Severe
levle1_472.jpg,Mild
levle1_474.jpg,Mild
levle1_475.jpg,Mild
levle1_476.jpg,Mild
levle1_477.jpg,Severe
levle1_478.jpg,Severe
levle1_479.jpg,Severe
levle1_48.jpg,Mild
levle1_480.jpg,Severe
levle1_481.jpg,Very Severe
levle1_482.jpg,Severe
levle1_483.jpg,Severe
levle1_484.jpg,Mild
levle1_485.jpg,Severe
levle1_486.jpg,Mild
levle1_487.jpg,Severe
levle1_488.jpg,Mild
levle1_489.jpg,Mild
levle1_49.jpg,Mild
levle1_490.jpg,Severe
levle1_491.jpg,Severe
levle1_492.jpg,Severe
levle1_493.jpg,Mild
levle1_494.jpg,Mild
levle1_495.jpg,Mild
levle1_496.jpg,Mild
levle1_497.jpg,Mild
levle1_498.jpg,Mild
levle1_499.jpg,Severe
levle1_5.jpg,Very Severe
levle1_50.jpg,Mild
levle1_500.jpg,Severe
levle1_501.jpg,Mild
levle1_502.jpg,Mild
levle1_503.jpg,Severe
levle1_504.jpg,Mild
levle1_505.jpg,Severe
levle1_506.jpg,Mild
levle1_507.jpg,Mild
levle1_508.jpg,Severe
levle1_509.jpg,Mild
levle1_51.jpg,Mild
levle1_510.jpg,Mild
levle1_511.jpg,Severe
levle1_512.jpg,Mild
levle1_513.jpg,Severe
levle1_514.jpg,Mild
levle1_515.jpg,Mild
levle1_516.jpg,Severe
levle1_517.jpg,Mild
levle1_518.jpg,Mild
levle1_519.jpg,Severe
levle1_52.jpg,Mild
levle1_520.jpg,Mild
levle1_521.jpg,Severe
levle1_522.jpg,Severe
levle1_523.jpg,Severe
levle1_524.jpg,Severe
levle1_525.jpg,Mild
levle1_526.jpg,Mild
levle1_527.jpg,Mild
levle1_528.jpg,Mild
levle1_529.jpg,Mild
levle1_53.jpg,Mild
levle1_530.jpg,Mild
levle1_531.jpg,Severe
levle1_532.jpg,Severe
levle1_533.jpg,Moderate
levle1_534.jpg,Mild
levle1_535.jpg,Severe
levle1_536.jpg,Severe
levle1_537.jpg,Severe
levle1_538.jpg,Severe
levle1_539.jpg,Severe
levle1_54.jpg,Mild
levle1_540.jpg,Mild
levle1_541.jpg,Mild
levle1_542.jpg,Severe
levle1_543.jpg,Mild
levle1_544.jpg,Severe
levle1_545.jpg,Severe
levle1_546.jpg,Severe
levle1_547.jpg,Mild
levle1_548.jpg,Mild
levle1_549.jpg,Mild
levle1_55.jpg,Mild
levle1_550.jpg,Moderate
levle1_551.jpg,Moderate
levle1_552.jpg,Moderate
levle1_553.jpg,Mild
levle1_554.jpg,Severe
levle1_555.jpg,Mild
levle1_556.jpg,Severe
levle1_557.jpg,Mild
levle1_558.jpg,Mild
levle1_559.jpg,Mild
levle1_56.jpg,Severe
levle1_560.jpg,Mild
levle1_561.jpg,Mild
levle1_562.jpg,Severe
levle1_563.jpg,Severe
levle1_564.jpg,Mild
levle1_565.jpg,Severe
levle1_566.jpg,Severe
levle1_567.jpg,Very Severe
levle1_568.jpg,Severe
levle1_569.jpg,Severe
levle1_57.jpg,Mild
levle1_570.jpg,Severe
levle1_571.jpg,Very Severe
levle1_572.jpg,Mild
levle1_573.jpg,Mild
levle1_574.jpg,Mild
levle1_575.jpg,Mild
levle1_576.jpg,Severe
levle1_577.jpg,Severe
levle1_578.jpg,Severe
levle1_579.jpg,Mild
levle1_58.jpg,Severe
levle1_580.jpg,Mild
levle1_581.jpg,Mild
levle1_582.jpg,Severe
levle1_583.jpg,Severe
levle1_584.jpg,Severe
levle1_585.jpg,Severe
levle1_586.jpg,Mild
levle1_587.jpg,Mild
levle1_588.jpg,Mild
levle1_589.jpg,Mild
levle1_59.jpg,Mild
levle1_590.jpg,Very Severe
levle1_591.jpg,Severe
levle1_592.jpg,Mild
levle1_593.jpg,Severe
levle1_594.jpg,Mild
levle1_595.jpg,Severe
levle1_596.jpg,Severe
levle1_597.jpg,Severe
levle1_598.jpg,Mild
levle1_599.jpg,Severe
levle1_6.jpg,Very Severe
levle1_60.jpg,Very Severe
levle1_600.jpg,Mild
levle1_601.jpg,Mild
levle1_603.jpg,Severe
levle1_604.jpg,Severe
levle1_605.jpg,Mild
levle1_606.jpg,Mild
levle1_607.jpg,Severe
levle1_608.jpg,Severe
levle1_609.jpg,Mild
levle1_61.jpg,Very Severe
levle1_610.jpg,Mild
levle1_611.jpg,Mild
levle1_612.jpg,Moderate
levle1_613.jpg,Severe
levle1_614.jpg,Severe
levle1_615.jpg,Mild
levle1_616.jpg,Mild
levle1_617.jpg,Severe
levle1_618.jpg,Severe
levle1_619.jpg,Mild
levle1_62.jpg,Severe
levle1_620.jpg,Mild
levle1_621.jpg,Mild
levle1_622.jpg,Severe
levle1_623.jpg,Severe
levle1_624.jpg,Mild
levle1_625.jpg,Severe
levle1_626.jpg,Severe
levle1_627.jpg,Mild
levle1_628.jpg,Mild
levle1_629.jpg,Mild
levle1_63.jpg,Severe
levle1_630.jpg,Severe
levle1_631.jpg,Severe
levle1_632.jpg,Severe
levle1_633.jpg,Severe
levle1_634.jpg,Mild
levle1_635.jpg,Severe
levle1_636.jpg,Mild
levle1_637.jpg,Mild
levle1_638.jpg,Very Severe
levle1_639.jpg,Moderate
levle1_64.jpg,Severe
levle1_640.jpg,Very Severe
levle1_641.jpg,Very Severe
levle1_642.jpg,Very Severe
levle1_65.jpg,Mild
levle1_66.jpg,Mild
levle1_67.jpg,Mild
levle1_68.jpg,Severe
levle1_69.jpg,Mild
levle1_7.jpg,Very Severe
levle1_70.jpg,Mild
levle1_71.jpg,Mild
levle1_72.jpg,Mild
levle1_74.jpg,Moderate
levle1_75.jpg,Very Severe
levle1_76.jpg,Very Severe
levle1_77.jpg,Very Severe
levle1_78.jpg,Very Severe
levle1_79.jpg,Very Severe
levle1_8.jpg,Moderate
levle1_80.jpg,Very Severe
levle1_81.jpg,Very Severe
levle1_82.jpg,Moderate
levle1_83.jpg,Very Severe
levle1_84.jpg,Moderate
levle1_85.jpg,Very Severe
levle1_87.jpg,Very Severe
levle1_88.jpg,Severe
levle1_89.jpg,Moderate
levle1_9.jpg,Very Severe
levle1_90.jpg,Mild
levle1_91.jpg,Moderate
levle1_92.jpg,Moderate
levle1_93.jpg,Very Severe
levle1_94.jpg,Very Severe
levle1_95.jpg,Very Severe
levle1_96.jpg,Moderate
levle1_97.jpg,Moderate
levle1_98.jpg,Moderate
levle1_99.jpg,Very Severe
levle2_0.jpg,Very Severe
levle2_1.jpg,Very Severe
levle2_10.jpg,Very Severe
levle2_100.jpg,Severe
levle2_101.jpg,Mild
levle2_102.jpg,Severe
levle2_105.jpg,Severe
levle2_106.jpg,Mild
levle2_107.jpg,Severe
levle2_108.jpg,Mild
levle2_109.jpg,Moderate
levle2_11.jpg,Very Severe
levle2_110.jpg,Moderate
levle2_111.jpg,Moderate
levle2_112.jpg,Mild
levle2_113.jpg,Mild
levle2_114.jpg,Severe
levle2_115.jpg,Mild
levle2_116.jpg,Very Severe
levle2_117.jpg,Severe
levle2_118.jpg,Severe
levle2_119.jpg,Severe
levle2_12.jpg,Moderate
levle2_120.jpg,Mild
levle2_121.jpg,Mild
levle2_122.jpg,Mild
levle2_123.jpg,Very Severe
levle2_124.jpg,Mild
levle2_125.jpg,Severe
levle2_126.jpg,Severe
levle2_127.jpg,Very Severe
levle2_128.jpg,Mild
levle2_129.jpg,Severe
levle2_13.jpg,Very Severe
levle2_130.jpg,Severe
levle2_131.jpg,Mild
levle2_132.jpg,Mild
levle2_134.jpg,Severe
levle2_135.jpg,Mild
levle2_136.jpg,Mild
levle2_137.jpg,Mild
levle2_138.jpg,Severe
levle2_139.jpg,Severe
levle2_14.jpg,Mild
levle2_140.jpg,Severe
levle2_141.jpg,Mild
levle2_142.jpg,Severe
levle2_143.jpg,Mild
levle2_144.jpg,Severe
levle2_145.jpg,Severe
levle2_146.jpg,Mild
levle2_147.jpg,Mild
levle2_148.jpg,Mild
levle2_149.jpg,Severe
levle2_15.jpg,Very Severe
levle2_150.jpg,Severe
levle2_151.jpg,Severe
levle2_152.jpg,Mild
levle2_153.jpg,Mild
levle2_154.jpg,Moderate
levle2_155.jpg,Mild
levle2_156.jpg,Mild
levle2_157.jpg,Severe
levle2_158.jpg,Mild
levle2_159.jpg,Severe
levle2_16.jpg,Moderate
levle2_160.jpg,Severe
levle2_161.jpg,Mild
levle2_162.jpg,Severe
levle2_163.jpg,Moderate
levle2_164.jpg,Severe
levle2_165.jpg,Mild
levle2_166.jpg,Mild
levle2_167.jpg,Severe
levle2_168.jpg,Mild
levle2_169.jpg,Mild
levle2_17.jpg,Moderate
levle2_170.jpg,Severe
levle2_171.jpg,Mild
levle2_172.jpg,Severe
levle2_173.jpg,Mild
levle2_174.jpg,Mild
levle2_175.jpg,Moderate
levle2_176.jpg,Mild
levle2_177.jpg,Severe
levle2_178.jpg,Mild
levle2_179.jpg,Severe
levle2_18.jpg,Very Severe
levle2_180.jpg,Mild
levle2_181.jpg,Mild
levle2_182.jpg,Severe
levle2_183.jpg,Severe
levle2_184.jpg,Mild
levle2_185.jpg,Severe
levle2_186.jpg,Very Severe
levle2_187.jpg,Severe
levle2_188.jpg,Very Severe
levle2_189.jpg,Moderate
levle2_19.jpg,Very Severe
levle2_190.jpg,Moderate
levle2_2.jpg,Very Severe
levle2_20.jpg,Very Severe
levle2_21.jpg,Very Severe
levle2_22.jpg,Very Severe
levle2_23.jpg,Moderate
levle2_24.jpg,Very Severe
levle2_25.jpg,Very Severe
levle2_26.jpg,Mild
levle2_27.jpg,Severe
levle2_28.jpg,Moderate
levle2_29.jpg,Moderate
levle2_3.jpg,Very Severe
levle2_30.jpg,Very Severe
levle2_31.jpg,Very Severe
levle2_32.jpg,Very Severe
levle2_33.jpg,Moderate
levle2_34.jpg,Mild
levle2_35.jpg,Mild
levle2_36.jpg,Mild
levle2_37.jpg,Moderate
levle2_38.jpg,Severe
levle2_39.jpg,Mild
levle2_4.jpg,Very Severe
levle2_40.jpg,Mild
levle2_41.jpg,Severe
levle2_42.jpg,Severe
levle2_43.jpg,Mild
levle2_44.jpg,Mild
levle2_45.jpg,Very Severe
levle2_46.jpg,Moderate
levle2_47.jpg,Moderate
levle2_48.jpg,Very Severe
levle2_49.jpg,Moderate
levle2_5.jpg,Very Severe
levle2_50.jpg,Moderate
levle2_51.jpg,Mild
levle2_52.jpg,Moderate
levle2_53.jpg,Moderate
levle2_54.jpg,Very Severe
levle2_55.jpg,Very Severe
levle2_56.jpg,Very Severe
levle2_57.jpg,Mild
levle2_58.jpg,Moderate
levle2_59.jpg,Very Severe
levle2_6.jpg,Very Severe
levle2_60.jpg,Very Severe
levle2_61.jpg,Very Severe
levle2_62.jpg,Moderate
levle2_63.jpg,Mild
levle2_64.jpg,Mild
levle2_65.jpg,Moderate
levle2_66.jpg,Mild
levle2_67.jpg,Moderate
levle2_68.jpg,Moderate
levle2_69.jpg,Very Severe
levle2_7.jpg,Moderate
levle2_70.jpg,Severe
levle2_71.jpg,Moderate
levle2_72.jpg,Mild
levle2_73.jpg,Severe
levle2_74.jpg,Severe
levle2_75.jpg,Severe
levle2_76.jpg,Moderate
levle2_77.jpg,Mild
levle2_78.jpg,Mild
levle2_79.jpg,Severe
levle2_8.jpg,Moderate
levle2_81.jpg,Severe
levle2_82.jpg,Mild
levle2_83.jpg,Mild
levle2_84.jpg,Mild
levle2_85.jpg,Severe
levle2_86.jpg,Severe
levle2_87.jpg,Severe
levle2_88.jpg,Severe
levle2_89.jpg,Mild
levle2_9.jpg,Very Severe
levle2_90.jpg,Very Severe
levle2_92.jpg,Very Severe
levle2_93.jpg,Very Severe
levle2_94.jpg,Mild
levle2_95.jpg,Moderate
levle2_96.jpg,Severe
levle2_97.jpg,Mild
levle2_98.jpg,Severe
levle2_99.jpg,Severe
levle3_0.jpg,Moderate
levle3_1.jpg,Severe
levle3_10.jpg,Moderate
levle3_100.jpg,Very Severe
levle3_101.jpg,Very Severe
levle3_102.jpg,Very Severe
levle3_103.jpg,Very Severe
levle3_104.jpg,Very Severe
levle3_105.jpg,Very Severe
levle3_106.jpg,Mild
levle3_107.jpg,Severe
levle3_108.jpg,Very Severe
levle3_109.jpg,Very Severe
levle3_11.jpg,Very Severe
levle3_110.jpg,Very Severe
levle3_111.jpg,Mild
levle3_112.jpg,Moderate
levle3_113.jpg,Moderate
levle3_114.jpg,Moderate
levle3_115.jpg,Mild
levle3_116.jpg,Severe
levle3_117.jpg,Moderate
levle3_118.jpg,Very Severe
levle3_119.jpg,Very Severe
levle3_12.jpg,Very Severe
levle3_120.jpg,Very Severe
levle3_121.jpg,Mild
levle3_122.jpg,Moderate
levle3_123.jpg,Moderate
levle3_124.jpg,Moderate
levle3_125.jpg,Moderate
levle3_126.jpg,Very Severe
levle3_127.jpg,Very Severe
levle3_128.jpg,Very Severe
levle3_129.jpg,Very Severe
levle3_13.jpg,Very Severe
levle3_130.jpg,Mild
levle3_131.jpg,Mild
levle3_132.jpg,Severe
levle3_133.jpg,Severe
levle3_136.jpg,Severe
levle3_137.jpg,Very Severe
levle3_14.jpg,Very Severe
levle3_140.jpg,Very Severe
levle3_141.jpg,Moderate
levle3_142.jpg,Mild
levle3_143.jpg,Mild
levle3_144.jpg,Very Severe
levle3_145.jpg,Moderate
levle3_15.jpg,Very Severe
levle3_16.jpg,Very Severe
levle3_17.jpg,Severe
levle3_18.jpg,Very Severe
levle3_19.jpg,Very Severe
levle3_2.jpg,Very Severe
levle3_20.jpg,Very Severe
levle3_21.jpg,Very Severe
levle3_22.jpg,Very Severe
levle3_23.jpg,Moderate
levle3_24.jpg,Moderate
levle3_25.jpg,Very Severe
levle3_26.jpg,Very Severe
levle3_27.jpg,Very Severe
levle3_28.jpg,Very Severe
levle3_29.jpg,Very Severe
levle3_3.jpg,Moderate
levle3_30.jpg,Very Severe
levle3_31.jpg,Very Severe
levle3_33.jpg,Very Severe
levle3_34.jpg,Severe
levle3_36.jpg,Very Severe
levle3_37.jpg,Moderate
levle3_38.jpg,Very Severe
levle3_39.jpg,Moderate
levle3_4.jpg,Moderate
levle3_40.jpg,Very Severe
levle3_41.jpg,Very Severe
levle3_42.jpg,Moderate
levle3_43.jpg,Moderate
levle3_44.jpg,Very Severe
levle3_45.jpg,Very Severe
levle3_46.jpg,Moderate
levle3_47.jpg,Very Severe
levle3_48.jpg,Very Severe
levle3_49.jpg,Very Severe
levle3_5.jpg,Very Severe
levle3_50.jpg,Moderate
levle3_51.jpg,Very Severe
levle3_52.jpg,Very Severe
levle3_53.jpg,Very Severe
levle3_54.jpg,Very Severe
levle3_55.jpg,Very Severe
levle3_56.jpg,Very Severe
levle3_57.jpg,Very Severe
levle3_58.jpg,Very Severe
levle3_59.jpg,Very Severe
levle3_6.jpg,Very Severe
levle3_60.jpg,Very Severe
levle3_61.jpg,Very Severe
levle3_62.jpg,Very Severe
levle3_63.jpg,Very Severe
levle3_64.jpg,Very Severe
levle3_65.jpg,Very Severe
levle3_66.jpg,Very Severe
levle3_67.jpg,Severe
levle3_68.jpg,Very Severe
levle3_7.jpg,Very Severe
levle3_70.jpg,Very Severe
levle3_71.jpg,Moderate
levle3_72.jpg,Severe
levle3_73.jpg,Severe
levle3_74.jpg,Severe
levle3_75.jpg,Mild
levle3_76.jpg,Very Severe
levle3_77.jpg,Moderate
levle3_78.jpg,Very Severe
levle3_79.jpg,Severe
levle3_8.jpg,Very Severe
levle3_80.jpg,Severe
levle3_81.jpg,Mild
levle3_82.jpg,Severe
levle3_83.jpg,Mild
levle3_84.jpg,Moderate
levle3_85.jpg,Very Severe
levle3_86.jpg,Very Severe
levle3_87.jpg,Very Severe
levle3_88.jpg,Moderate
levle3_89.jpg,Mild
levle3_9.jpg,Very Severe
levle3_90.jpg,Severe
levle3_91.jpg,Moderate
levle3_92.jpg,Very Severe
levle3_93.jpg,Moderate
levle3_94.jpg,Moderate
levle3_95.jpg,Moderate
levle3_96.jpg,Mild
levle3_97.jpg,Moderate
